symbol,live-expiry,live-strike,spot,OTM %,nearest_support_level,Is_near_support,adj_yield_30d,premium_pct,premium,edge_score,liquidity_tier,edge_bias,theta_vega_warn,theta_eff,macro_flags,valuation_flag,live-iv,live-delta,live-theta,swan_tier,suggested_allocation,num_of_contracts,dyn_delta_min,dyn_delta_max,not_assigned_prob,daily_drop_prob,theta_pct_per_day,theta_gate_required,live_vega,theta_vega_ratio,liquidity_penalty,beta_market,beta_r2,tech_health,ti_flags,ti_bear_ts,ti_bull_ts,ti_confidence,ts_score,ts_base_score,ts_factor,ts_rank_score
XLE,2026-09-18,55.0,58.51,5.99,56.39,no,0.86,0.84,0.7,1.03,LIQUID,Favorable,THETA_VEGA_LOW,13.14,,Very Expensive,0.26,0.22,0.02,,,44,0.14,0.24,,,0.03,0.01,0.06,0.26,0.0,,,Neutral,TI_MACD_HIST_PERSISTENT_BULL;TI_RSI_MOMENTUM_UP;TI_RSI_PERSISTENT_OVERBOUGHT,0.0,4.0,,3,0.84,1.0,0.84
XLP,2026-09-18,82.0,84.83,3.33,81.6,yes,0.61,0.61,0.77,1.0,LIQUID,Neutral,THETA_VEGA_LOW,7.53,,Expensive,0.17,0.25,0.02,,,29,0.22,0.32,,,0.02,0.01,0.1,0.16,0.0,,,Neutral,TI_MACD_HIST_PERSISTENT_BULL;TI_RSI_MOMENTUM_UP;TI_RSI_PERSISTENT_OVERBOUGHT,0.0,4.0,,3,0.61,1.0,0.61
XLP,2026-09-18,83.0,84.83,2.15,81.6,yes,0.79,0.79,1.01,1.0,LIQUID,Neutral,THETA_VEGA_LOW,6.13,,Expensive,0.16,0.31,0.02,,,29,0.22,0.32,,,0.02,0.01,0.11,0.15,0.0,,,Neutral,TI_MACD_HIST_PERSISTENT_BULL;TI_RSI_MOMENTUM_UP;TI_RSI_PERSISTENT_OVERBOUGHT,0.0,4.0,,3,0.79,1.0,0.79
XLE,2026-09-04,55.0,58.51,5.99,56.39,no,0.84,0.82,0.48,1.03,CONDITIONAL,Favorable,THETA_VEGA_LOW,17.17,,Very Expensive,0.26,0.19,0.02,,,44,0.14,0.24,,,0.03,0.02,0.05,0.38,10.0,,,Neutral,TI_MACD_HIST_PERSISTENT_BULL;TI_RSI_MOMENTUM_UP;TI_RSI_PERSISTENT_OVERBOUGHT,0.0,4.0,,3,0.82,1.0,0.82
XLE,2026-09-04,55.5,58.51,5.14,56.39,no,1.02,0.99,0.58,1.03,CONDITIONAL,Favorable,THETA_VEGA_LOW,15.85,,Very Expensive,0.26,0.22,0.02,,,44,0.14,0.24,,,0.04,0.02,0.05,0.38,10.0,,,Neutral,TI_MACD_HIST_PERSISTENT_BULL;TI_RSI_MOMENTUM_UP;TI_RSI_PERSISTENT_OVERBOUGHT,0.0,4.0,,3,0.99,1.0,0.99
XLP,2026-09-04,82.0,84.83,3.33,81.6,yes,0.69,0.69,0.6,1.0,ILLIQUID,Neutral,THETA_VEGA_LOW,9.83,,Expensive,0.17,0.23,0.02,,,29,0.22,0.32,,,0.02,0.02,0.08,0.24,25.0,,,Neutral,TI_MACD_HIST_PERSISTENT_BULL;TI_RSI_MOMENTUM_UP;TI_RSI_PERSISTENT_OVERBOUGHT,0.0,4.0,,3,0.69,1.0,0.69
RSP,2026-09-11,210.0,216.84,3.16,210.34,yes,0.63,0.6,1.65,1.04,ILLIQUID,Favorable,THETA_VEGA_LOW,7.97,,Very Expensive,0.16,0.24,0.04,,,11,0.15,0.25,,,0.02,0.01,0.22,0.18,35.0,,,Neutral,TI_MACD_HIST_PERSISTENT_BEAR;TI_RSI_MOMENTUM_UP,1.5,1.0,,0,0.6,1.0,0.6
VNQ,2026-09-18,96.0,99.01,3.04,96.26,yes,0.65,0.65,0.95,1.01,ILLIQUID,Favorable,THETA_VEGA_LOW,6.97,,Expensive,0.16,0.26,0.02,,,25,0.22,0.32,,,0.02,0.01,0.11,0.15,35.0,,,Neutral,TI_MACD_HIST_PERSISTENT_BEAR;TI_RSI_MOMENTUM_UP,1.5,1.0,,0,0.65,1.0,0.65
VNQ,2026-09-18,97.0,99.01,2.03,96.26,yes,0.85,0.84,1.25,1.01,ILLIQUID,Favorable,THETA_VEGA_LOW,6.04,,Expensive,0.16,0.32,0.02,,,25,0.22,0.32,,,0.02,0.01,0.13,0.15,35.0,,,Neutral,TI_MACD_HIST_PERSISTENT_BEAR;TI_RSI_MOMENTUM_UP,1.5,1.0,,0,0.84,1.0,0.84
